min_throughput,max_throughput,avg_throughput
4.296692124447955,4.958218833601748,4.5874069182462875
