min_throughput,max_throughput,avg_throughput
3.403546561913509,6.157435924759718,4.451252124041316
